-- phpMyAdmin SQL Dump
-- version 4.5.0.2
-- http://www.phpmyadmin.net
--
-- Host: localhost
-- Generation Time: 22-Fev-2016 às 06:17
-- Versão do servidor: 5.6.27-log
-- PHP Version: 5.5.12

SET SQL_MODE = "NO_AUTO_VALUE_ON_ZERO";
SET time_zone = "+00:00";


/*!40101 SET @OLD_CHARACTER_SET_CLIENT=@@CHARACTER_SET_CLIENT */;
/*!40101 SET @OLD_CHARACTER_SET_RESULTS=@@CHARACTER_SET_RESULTS */;
/*!40101 SET @OLD_COLLATION_CONNECTION=@@COLLATION_CONNECTION */;
/*!40101 SET NAMES utf8mb4 */;

--
-- Database: `oncoclinicas`
--

-- --------------------------------------------------------

--
-- Estrutura da tabela `events`
--

CREATE TABLE `events` (
  `id` int(10) UNSIGNED NOT NULL,
  `paciente_id` int(10) UNSIGNED NOT NULL,
  `start_time` timestamp NULL DEFAULT NULL,
  `end_time` timestamp NULL DEFAULT NULL,
  `medico_id` int(10) UNSIGNED NOT NULL,
  `created_at` timestamp NULL DEFAULT NULL,
  `updated_at` timestamp NULL DEFAULT NULL
) ENGINE=InnoDB DEFAULT CHARSET=utf8 COLLATE=utf8_unicode_ci;

--
-- Extraindo dados da tabela `events`
--

INSERT INTO `events` (`id`, `paciente_id`, `start_time`, `end_time`, `medico_id`, `created_at`, `updated_at`) VALUES
(1, 20, '2015-11-28 05:39:00', NULL, 1, '2016-02-22 08:15:57', '2016-02-22 08:15:57'),
(2, 11, '2015-12-21 05:01:20', NULL, 7, '2016-02-22 08:15:57', '2016-02-22 08:15:57'),
(3, 12, '2015-04-20 22:07:08', NULL, 4, '2016-02-22 08:15:57', '2016-02-22 08:15:57'),
(4, 2, '2015-06-19 12:04:51', NULL, 1, '2016-02-22 08:15:57', '2016-02-22 08:15:57'),
(5, 8, '2015-10-26 10:30:28', NULL, 9, '2016-02-22 08:15:57', '2016-02-22 08:15:57'),
(6, 2, '2016-01-23 14:07:39', NULL, 9, '2016-02-22 08:15:57', '2016-02-22 08:15:57'),
(7, 17, '2015-12-19 21:13:19', NULL, 8, '2016-02-22 08:15:57', '2016-02-22 08:15:57'),
(8, 17, '2015-09-30 03:26:03', NULL, 4, '2016-02-22 08:15:57', '2016-02-22 08:15:57'),
(9, 18, '2015-11-23 00:12:48', NULL, 6, '2016-02-22 08:15:57', '2016-02-22 08:15:57'),
(10, 20, '2015-06-19 04:36:40', NULL, 5, '2016-02-22 08:15:57', '2016-02-22 08:15:57'),
(11, 1, '2015-11-07 22:07:48', NULL, 4, '2016-02-22 08:15:57', '2016-02-22 08:15:57'),
(12, 16, '2015-10-22 15:30:16', NULL, 2, '2016-02-22 08:15:57', '2016-02-22 08:15:57'),
(13, 6, '2015-09-29 21:22:31', NULL, 8, '2016-02-22 08:15:57', '2016-02-22 08:15:57'),
(14, 18, '2015-05-18 08:54:08', NULL, 9, '2016-02-22 08:15:57', '2016-02-22 08:15:57'),
(15, 1, '2016-02-20 11:48:46', NULL, 8, '2016-02-22 08:15:57', '2016-02-22 08:15:57'),
(16, 13, '2015-05-14 01:28:08', NULL, 4, '2016-02-22 08:15:57', '2016-02-22 08:15:57'),
(17, 6, '2015-08-01 21:00:37', NULL, 3, '2016-02-22 08:15:57', '2016-02-22 08:15:57'),
(18, 13, '2015-10-12 09:29:48', NULL, 1, '2016-02-22 08:15:57', '2016-02-22 08:15:57'),
(19, 10, '2015-07-28 22:07:24', NULL, 9, '2016-02-22 08:15:57', '2016-02-22 08:15:57'),
(20, 4, '2015-12-30 02:48:10', NULL, 7, '2016-02-22 08:15:57', '2016-02-22 08:15:57'),
(21, 13, '2016-01-14 15:26:48', NULL, 7, '2016-02-22 08:15:57', '2016-02-22 08:15:57'),
(22, 19, '2015-11-08 08:53:54', NULL, 6, '2016-02-22 08:15:57', '2016-02-22 08:15:57'),
(23, 4, '2016-01-13 08:15:58', NULL, 5, '2016-02-22 08:15:57', '2016-02-22 08:15:57'),
(24, 3, '2015-10-15 22:30:54', NULL, 8, '2016-02-22 08:15:57', '2016-02-22 08:15:57'),
(25, 2, '2015-06-04 12:54:35', NULL, 9, '2016-02-22 08:15:57', '2016-02-22 08:15:57'),
(26, 11, '2015-06-18 15:07:27', NULL, 5, '2016-02-22 08:15:57', '2016-02-22 08:15:57'),
(27, 18, '2015-12-21 14:54:42', NULL, 2, '2016-02-22 08:15:58', '2016-02-22 08:15:58'),
(28, 6, '2015-11-10 22:51:52', NULL, 5, '2016-02-22 08:15:58', '2016-02-22 08:15:58'),
(29, 9, '2015-05-14 22:28:34', NULL, 7, '2016-02-22 08:15:58', '2016-02-22 08:15:58'),
(30, 4, '2015-11-05 09:41:22', NULL, 3, '2016-02-22 08:15:58', '2016-02-22 08:15:58'),
(31, 6, '2015-08-02 11:17:54', NULL, 7, '2016-02-22 08:15:58', '2016-02-22 08:15:58'),
(32, 8, '2015-10-14 17:56:07', NULL, 5, '2016-02-22 08:15:58', '2016-02-22 08:15:58'),
(33, 8, '2015-09-28 07:01:06', NULL, 8, '2016-02-22 08:15:58', '2016-02-22 08:15:58'),
(34, 13, '2015-08-03 03:37:50', NULL, 7, '2016-02-22 08:15:58', '2016-02-22 08:15:58'),
(35, 5, '2015-05-25 13:53:30', NULL, 9, '2016-02-22 08:15:58', '2016-02-22 08:15:58'),
(36, 3, '2015-08-04 08:34:06', NULL, 6, '2016-02-22 08:15:58', '2016-02-22 08:15:58'),
(37, 15, '2015-04-11 01:56:30', NULL, 9, '2016-02-22 08:15:58', '2016-02-22 08:15:58'),
(38, 13, '2015-08-06 05:06:21', NULL, 7, '2016-02-22 08:15:58', '2016-02-22 08:15:58'),
(39, 8, '2015-11-27 10:42:18', NULL, 6, '2016-02-22 08:15:58', '2016-02-22 08:15:58'),
(40, 7, '2016-02-13 18:12:38', NULL, 6, '2016-02-22 08:15:58', '2016-02-22 08:15:58'),
(41, 4, '2015-08-10 02:55:25', NULL, 7, '2016-02-22 08:15:58', '2016-02-22 08:15:58'),
(42, 19, '2015-09-05 03:52:33', NULL, 8, '2016-02-22 08:15:58', '2016-02-22 08:15:58'),
(43, 12, '2015-08-07 02:55:21', NULL, 4, '2016-02-22 08:15:58', '2016-02-22 08:15:58'),
(44, 14, '2015-03-20 16:19:44', NULL, 2, '2016-02-22 08:15:58', '2016-02-22 08:15:58'),
(45, 10, '2015-06-27 09:59:05', NULL, 2, '2016-02-22 08:15:58', '2016-02-22 08:15:58'),
(46, 7, '2015-03-27 22:56:05', NULL, 9, '2016-02-22 08:15:58', '2016-02-22 08:15:58'),
(47, 10, '2016-02-16 19:19:45', NULL, 1, '2016-02-22 08:15:58', '2016-02-22 08:15:58'),
(48, 20, '2016-02-15 14:10:19', NULL, 1, '2016-02-22 08:15:58', '2016-02-22 08:15:58'),
(49, 9, '2016-02-04 11:22:33', NULL, 7, '2016-02-22 08:15:58', '2016-02-22 08:15:58'),
(50, 10, '2016-01-04 04:31:55', NULL, 8, '2016-02-22 08:15:58', '2016-02-22 08:15:58'),
(51, 18, '2015-05-11 13:08:36', NULL, 4, '2016-02-22 08:15:58', '2016-02-22 08:15:58'),
(52, 20, '2016-01-25 21:47:12', NULL, 1, '2016-02-22 08:15:58', '2016-02-22 08:15:58'),
(53, 15, '2015-05-30 09:44:48', NULL, 4, '2016-02-22 08:15:58', '2016-02-22 08:15:58'),
(54, 5, '2015-11-21 23:09:02', NULL, 1, '2016-02-22 08:15:58', '2016-02-22 08:15:58'),
(55, 10, '2015-12-13 05:32:34', NULL, 1, '2016-02-22 08:15:59', '2016-02-22 08:15:59'),
(56, 8, '2015-03-21 04:18:02', NULL, 8, '2016-02-22 08:15:59', '2016-02-22 08:15:59'),
(57, 3, '2015-06-29 12:08:56', NULL, 8, '2016-02-22 08:15:59', '2016-02-22 08:15:59'),
(58, 5, '2015-09-28 03:43:45', NULL, 6, '2016-02-22 08:15:59', '2016-02-22 08:15:59'),
(59, 3, '2015-11-11 18:45:19', NULL, 9, '2016-02-22 08:15:59', '2016-02-22 08:15:59'),
(60, 20, '2015-05-01 02:03:23', NULL, 2, '2016-02-22 08:15:59', '2016-02-22 08:15:59'),
(61, 9, '2015-06-22 09:54:51', NULL, 8, '2016-02-22 08:15:59', '2016-02-22 08:15:59'),
(62, 7, '2015-04-24 09:25:27', NULL, 1, '2016-02-22 08:15:59', '2016-02-22 08:15:59'),
(63, 10, '2015-08-13 19:26:38', NULL, 7, '2016-02-22 08:15:59', '2016-02-22 08:15:59'),
(64, 10, '2015-08-27 23:31:31', NULL, 9, '2016-02-22 08:15:59', '2016-02-22 08:15:59'),
(65, 7, '2016-01-11 05:56:36', NULL, 1, '2016-02-22 08:15:59', '2016-02-22 08:15:59'),
(66, 5, '2015-07-27 07:52:54', NULL, 3, '2016-02-22 08:15:59', '2016-02-22 08:15:59'),
(67, 8, '2015-10-02 06:22:37', NULL, 1, '2016-02-22 08:15:59', '2016-02-22 08:15:59'),
(68, 14, '2015-06-27 23:52:57', NULL, 7, '2016-02-22 08:15:59', '2016-02-22 08:15:59'),
(69, 12, '2015-08-27 00:06:02', NULL, 4, '2016-02-22 08:15:59', '2016-02-22 08:15:59'),
(70, 14, '2015-03-23 18:15:04', NULL, 8, '2016-02-22 08:15:59', '2016-02-22 08:15:59'),
(71, 10, '2015-06-04 16:41:44', NULL, 9, '2016-02-22 08:15:59', '2016-02-22 08:15:59'),
(72, 7, '2016-01-09 11:52:19', NULL, 4, '2016-02-22 08:15:59', '2016-02-22 08:15:59'),
(73, 20, '2016-01-20 11:10:58', NULL, 4, '2016-02-22 08:15:59', '2016-02-22 08:15:59'),
(74, 9, '2015-08-09 13:53:48', NULL, 7, '2016-02-22 08:15:59', '2016-02-22 08:15:59'),
(75, 12, '2015-11-07 00:01:36', NULL, 8, '2016-02-22 08:15:59', '2016-02-22 08:15:59'),
(76, 3, '2015-03-02 19:54:24', NULL, 6, '2016-02-22 08:15:59', '2016-02-22 08:15:59'),
(77, 5, '2015-05-07 23:49:54', NULL, 9, '2016-02-22 08:15:59', '2016-02-22 08:15:59'),
(78, 5, '2015-11-03 22:32:33', NULL, 5, '2016-02-22 08:15:59', '2016-02-22 08:15:59'),
(79, 9, '2016-01-02 09:43:59', NULL, 7, '2016-02-22 08:15:59', '2016-02-22 08:15:59'),
(80, 18, '2015-09-24 03:57:56', NULL, 2, '2016-02-22 08:15:59', '2016-02-22 08:15:59'),
(81, 2, '2015-10-14 09:09:21', NULL, 8, '2016-02-22 08:15:59', '2016-02-22 08:15:59'),
(82, 17, '2016-02-19 22:57:05', NULL, 1, '2016-02-22 08:15:59', '2016-02-22 08:15:59'),
(83, 15, '2015-10-30 09:56:27', NULL, 3, '2016-02-22 08:15:59', '2016-02-22 08:15:59'),
(84, 6, '2015-12-11 08:43:24', NULL, 8, '2016-02-22 08:15:59', '2016-02-22 08:15:59'),
(85, 7, '2015-10-12 04:50:10', NULL, 6, '2016-02-22 08:16:00', '2016-02-22 08:16:00'),
(86, 20, '2015-03-28 00:22:48', NULL, 1, '2016-02-22 08:16:00', '2016-02-22 08:16:00'),
(87, 7, '2015-10-01 13:37:04', NULL, 2, '2016-02-22 08:16:00', '2016-02-22 08:16:00'),
(88, 3, '2015-05-23 13:09:25', NULL, 4, '2016-02-22 08:16:00', '2016-02-22 08:16:00'),
(89, 14, '2015-06-06 05:20:36', NULL, 3, '2016-02-22 08:16:00', '2016-02-22 08:16:00'),
(90, 9, '2015-12-03 19:15:17', NULL, 2, '2016-02-22 08:16:00', '2016-02-22 08:16:00'),
(91, 18, '2015-06-02 23:19:35', NULL, 2, '2016-02-22 08:16:00', '2016-02-22 08:16:00'),
(92, 4, '2015-07-22 02:23:01', NULL, 4, '2016-02-22 08:16:00', '2016-02-22 08:16:00'),
(93, 18, '2015-12-19 10:09:03', NULL, 4, '2016-02-22 08:16:00', '2016-02-22 08:16:00'),
(94, 20, '2015-03-22 01:27:59', NULL, 4, '2016-02-22 08:16:00', '2016-02-22 08:16:00'),
(95, 4, '2015-06-22 13:15:55', NULL, 2, '2016-02-22 08:16:00', '2016-02-22 08:16:00'),
(96, 3, '2016-01-20 05:52:05', NULL, 8, '2016-02-22 08:16:00', '2016-02-22 08:16:00'),
(97, 15, '2015-09-01 15:47:58', NULL, 8, '2016-02-22 08:16:00', '2016-02-22 08:16:00'),
(98, 6, '2015-08-25 11:33:31', NULL, 3, '2016-02-22 08:16:00', '2016-02-22 08:16:00'),
(99, 20, '2015-03-07 17:31:19', NULL, 7, '2016-02-22 08:16:00', '2016-02-22 08:16:00'),
(100, 15, '2015-05-22 11:10:19', NULL, 4, '2016-02-22 08:16:00', '2016-02-22 08:16:00'),
(101, 19, '2015-10-18 03:07:39', NULL, 3, '2016-02-22 08:16:00', '2016-02-22 08:16:00'),
(102, 4, '2015-03-04 17:22:47', NULL, 6, '2016-02-22 08:16:00', '2016-02-22 08:16:00'),
(103, 1, '2016-02-12 16:04:08', NULL, 7, '2016-02-22 08:16:00', '2016-02-22 08:16:00'),
(104, 17, '2015-05-28 03:38:18', NULL, 7, '2016-02-22 08:16:00', '2016-02-22 08:16:00'),
(105, 6, '2015-08-17 13:36:51', NULL, 5, '2016-02-22 08:16:00', '2016-02-22 08:16:00'),
(106, 8, '2015-08-27 19:21:59', NULL, 1, '2016-02-22 08:16:00', '2016-02-22 08:16:00'),
(107, 2, '2015-10-26 23:54:17', NULL, 8, '2016-02-22 08:16:00', '2016-02-22 08:16:00'),
(108, 2, '2015-11-13 16:54:35', NULL, 6, '2016-02-22 08:16:00', '2016-02-22 08:16:00'),
(109, 10, '2015-06-02 01:40:36', NULL, 3, '2016-02-22 08:16:00', '2016-02-22 08:16:00'),
(110, 13, '2015-07-06 17:43:48', NULL, 6, '2016-02-22 08:16:00', '2016-02-22 08:16:00'),
(111, 18, '2015-10-05 23:23:22', NULL, 9, '2016-02-22 08:16:00', '2016-02-22 08:16:00'),
(112, 5, '2016-01-18 06:20:45', NULL, 8, '2016-02-22 08:16:00', '2016-02-22 08:16:00'),
(113, 6, '2015-12-04 04:22:00', NULL, 3, '2016-02-22 08:16:00', '2016-02-22 08:16:00'),
(114, 14, '2015-12-25 08:58:41', NULL, 8, '2016-02-22 08:16:01', '2016-02-22 08:16:01'),
(115, 3, '2015-11-18 20:03:51', NULL, 6, '2016-02-22 08:16:01', '2016-02-22 08:16:01'),
(116, 2, '2015-11-18 05:21:25', NULL, 2, '2016-02-22 08:16:01', '2016-02-22 08:16:01'),
(117, 9, '2015-11-23 15:26:12', NULL, 4, '2016-02-22 08:16:01', '2016-02-22 08:16:01'),
(118, 6, '2015-03-06 23:34:12', NULL, 5, '2016-02-22 08:16:01', '2016-02-22 08:16:01'),
(119, 13, '2015-06-10 18:43:16', NULL, 7, '2016-02-22 08:16:01', '2016-02-22 08:16:01'),
(120, 8, '2015-04-23 02:25:40', NULL, 4, '2016-02-22 08:16:01', '2016-02-22 08:16:01'),
(121, 15, '2015-05-28 23:57:23', NULL, 2, '2016-02-22 08:16:01', '2016-02-22 08:16:01'),
(122, 4, '2016-01-13 12:59:37', NULL, 4, '2016-02-22 08:16:01', '2016-02-22 08:16:01'),
(123, 3, '2015-09-24 22:48:16', NULL, 9, '2016-02-22 08:16:01', '2016-02-22 08:16:01'),
(124, 17, '2015-12-21 22:45:00', NULL, 2, '2016-02-22 08:16:01', '2016-02-22 08:16:01'),
(125, 18, '2015-11-01 12:10:01', NULL, 5, '2016-02-22 08:16:01', '2016-02-22 08:16:01'),
(126, 3, '2015-12-22 02:54:18', NULL, 2, '2016-02-22 08:16:01', '2016-02-22 08:16:01'),
(127, 8, '2015-12-02 23:15:28', NULL, 1, '2016-02-22 08:16:01', '2016-02-22 08:16:01'),
(128, 5, '2015-10-21 14:37:20', NULL, 3, '2016-02-22 08:16:01', '2016-02-22 08:16:01'),
(129, 14, '2015-06-07 01:32:20', NULL, 2, '2016-02-22 08:16:01', '2016-02-22 08:16:01'),
(130, 18, '2015-12-20 04:19:36', NULL, 7, '2016-02-22 08:16:01', '2016-02-22 08:16:01'),
(131, 3, '2015-08-16 05:22:40', NULL, 8, '2016-02-22 08:16:01', '2016-02-22 08:16:01'),
(132, 7, '2015-03-20 16:06:30', NULL, 5, '2016-02-22 08:16:01', '2016-02-22 08:16:01'),
(133, 16, '2015-10-07 21:05:20', NULL, 7, '2016-02-22 08:16:01', '2016-02-22 08:16:01'),
(134, 5, '2015-04-17 23:58:43', NULL, 7, '2016-02-22 08:16:01', '2016-02-22 08:16:01'),
(135, 3, '2016-01-21 04:14:15', NULL, 1, '2016-02-22 08:16:01', '2016-02-22 08:16:01'),
(136, 17, '2015-07-02 14:02:37', NULL, 5, '2016-02-22 08:16:01', '2016-02-22 08:16:01'),
(137, 2, '2016-02-20 15:12:27', NULL, 2, '2016-02-22 08:16:01', '2016-02-22 08:16:01'),
(138, 17, '2015-12-17 13:13:31', NULL, 9, '2016-02-22 08:16:01', '2016-02-22 08:16:01'),
(139, 2, '2016-01-30 22:46:58', NULL, 4, '2016-02-22 08:16:01', '2016-02-22 08:16:01'),
(140, 10, '2015-10-11 16:36:02', NULL, 1, '2016-02-22 08:16:01', '2016-02-22 08:16:01'),
(141, 4, '2015-08-04 00:20:32', NULL, 2, '2016-02-22 08:16:01', '2016-02-22 08:16:01'),
(142, 11, '2015-11-04 01:06:39', NULL, 2, '2016-02-22 08:16:01', '2016-02-22 08:16:01'),
(143, 17, '2015-12-04 04:58:25', NULL, 6, '2016-02-22 08:16:01', '2016-02-22 08:16:01'),
(144, 3, '2015-04-14 01:55:35', NULL, 1, '2016-02-22 08:16:02', '2016-02-22 08:16:02'),
(145, 19, '2016-01-09 21:41:22', NULL, 3, '2016-02-22 08:16:02', '2016-02-22 08:16:02'),
(146, 20, '2015-10-10 17:47:19', NULL, 1, '2016-02-22 08:16:02', '2016-02-22 08:16:02'),
(147, 1, '2016-01-22 12:01:58', NULL, 5, '2016-02-22 08:16:02', '2016-02-22 08:16:02'),
(148, 9, '2015-08-25 13:55:30', NULL, 1, '2016-02-22 08:16:02', '2016-02-22 08:16:02'),
(149, 1, '2015-06-04 06:51:40', NULL, 6, '2016-02-22 08:16:02', '2016-02-22 08:16:02'),
(150, 1, '2015-03-18 10:27:42', NULL, 4, '2016-02-22 08:16:02', '2016-02-22 08:16:02'),
(151, 10, '2016-01-13 23:53:43', NULL, 7, '2016-02-22 08:16:02', '2016-02-22 08:16:02'),
(152, 3, '2015-04-15 19:21:34', NULL, 9, '2016-02-22 08:16:02', '2016-02-22 08:16:02'),
(153, 6, '2015-09-05 05:23:56', NULL, 6, '2016-02-22 08:16:02', '2016-02-22 08:16:02'),
(154, 8, '2015-07-12 22:43:57', NULL, 9, '2016-02-22 08:16:02', '2016-02-22 08:16:02'),
(155, 19, '2015-07-09 14:26:27', NULL, 2, '2016-02-22 08:16:02', '2016-02-22 08:16:02'),
(156, 1, '2016-01-22 03:50:15', NULL, 4, '2016-02-22 08:16:02', '2016-02-22 08:16:02'),
(157, 8, '2015-08-13 23:52:21', NULL, 1, '2016-02-22 08:16:02', '2016-02-22 08:16:02'),
(158, 16, '2015-08-13 03:22:26', NULL, 5, '2016-02-22 08:16:02', '2016-02-22 08:16:02'),
(159, 2, '2016-01-16 23:38:56', NULL, 5, '2016-02-22 08:16:02', '2016-02-22 08:16:02'),
(160, 18, '2016-01-16 18:21:26', NULL, 2, '2016-02-22 08:16:02', '2016-02-22 08:16:02'),
(161, 2, '2015-10-07 11:12:30', NULL, 9, '2016-02-22 08:16:02', '2016-02-22 08:16:02'),
(162, 20, '2015-04-25 07:58:00', NULL, 7, '2016-02-22 08:16:02', '2016-02-22 08:16:02'),
(163, 16, '2016-02-03 09:17:19', NULL, 5, '2016-02-22 08:16:02', '2016-02-22 08:16:02'),
(164, 8, '2015-10-17 16:31:14', NULL, 1, '2016-02-22 08:16:02', '2016-02-22 08:16:02'),
(165, 4, '2015-03-15 02:40:32', NULL, 7, '2016-02-22 08:16:02', '2016-02-22 08:16:02'),
(166, 15, '2015-08-14 19:57:26', NULL, 5, '2016-02-22 08:16:02', '2016-02-22 08:16:02'),
(167, 14, '2015-10-17 11:06:01', NULL, 8, '2016-02-22 08:16:02', '2016-02-22 08:16:02'),
(168, 7, '2016-01-13 11:05:19', NULL, 7, '2016-02-22 08:16:02', '2016-02-22 08:16:02'),
(169, 8, '2016-01-11 16:57:14', NULL, 3, '2016-02-22 08:16:02', '2016-02-22 08:16:02'),
(170, 17, '2015-06-23 08:45:23', NULL, 4, '2016-02-22 08:16:02', '2016-02-22 08:16:02'),
(171, 13, '2015-10-25 13:07:23', NULL, 4, '2016-02-22 08:16:02', '2016-02-22 08:16:02'),
(172, 9, '2015-06-27 02:19:50', NULL, 1, '2016-02-22 08:16:02', '2016-02-22 08:16:02'),
(173, 9, '2015-10-25 09:31:00', NULL, 5, '2016-02-22 08:16:03', '2016-02-22 08:16:03'),
(174, 19, '2016-01-08 11:23:52', NULL, 3, '2016-02-22 08:16:03', '2016-02-22 08:16:03'),
(175, 6, '2016-01-08 16:30:54', NULL, 7, '2016-02-22 08:16:03', '2016-02-22 08:16:03'),
(176, 10, '2015-10-03 18:12:24', NULL, 7, '2016-02-22 08:16:03', '2016-02-22 08:16:03'),
(177, 2, '2015-12-16 20:28:06', NULL, 8, '2016-02-22 08:16:03', '2016-02-22 08:16:03'),
(178, 17, '2015-11-22 07:27:46', NULL, 8, '2016-02-22 08:16:03', '2016-02-22 08:16:03'),
(179, 9, '2016-01-26 22:31:31', NULL, 8, '2016-02-22 08:16:03', '2016-02-22 08:16:03'),
(180, 5, '2015-12-25 17:31:23', NULL, 4, '2016-02-22 08:16:03', '2016-02-22 08:16:03'),
(181, 3, '2016-01-08 15:36:34', NULL, 3, '2016-02-22 08:16:03', '2016-02-22 08:16:03'),
(182, 7, '2015-10-04 09:20:24', NULL, 8, '2016-02-22 08:16:03', '2016-02-22 08:16:03'),
(183, 16, '2015-04-25 07:15:27', NULL, 3, '2016-02-22 08:16:03', '2016-02-22 08:16:03'),
(184, 8, '2016-01-06 15:32:23', NULL, 9, '2016-02-22 08:16:03', '2016-02-22 08:16:03'),
(185, 7, '2015-04-09 19:22:35', NULL, 5, '2016-02-22 08:16:03', '2016-02-22 08:16:03'),
(186, 2, '2015-03-14 09:53:06', NULL, 2, '2016-02-22 08:16:03', '2016-02-22 08:16:03'),
(187, 4, '2015-03-06 02:19:16', NULL, 9, '2016-02-22 08:16:03', '2016-02-22 08:16:03'),
(188, 15, '2016-02-07 01:29:49', NULL, 2, '2016-02-22 08:16:03', '2016-02-22 08:16:03'),
(189, 7, '2015-10-04 04:44:19', NULL, 2, '2016-02-22 08:16:03', '2016-02-22 08:16:03'),
(190, 19, '2015-04-07 01:19:52', NULL, 3, '2016-02-22 08:16:03', '2016-02-22 08:16:03'),
(191, 6, '2015-09-17 17:00:13', NULL, 4, '2016-02-22 08:16:03', '2016-02-22 08:16:03'),
(192, 20, '2015-11-26 18:17:07', NULL, 6, '2016-02-22 08:16:03', '2016-02-22 08:16:03'),
(193, 20, '2015-09-02 16:17:22', NULL, 2, '2016-02-22 08:16:03', '2016-02-22 08:16:03'),
(194, 12, '2015-06-05 04:31:17', NULL, 3, '2016-02-22 08:16:03', '2016-02-22 08:16:03'),
(195, 19, '2015-04-29 07:08:57', NULL, 6, '2016-02-22 08:16:03', '2016-02-22 08:16:03'),
(196, 19, '2016-01-26 16:44:01', NULL, 2, '2016-02-22 08:16:03', '2016-02-22 08:16:03'),
(197, 1, '2015-09-17 01:38:27', NULL, 2, '2016-02-22 08:16:03', '2016-02-22 08:16:03'),
(198, 16, '2015-03-06 22:27:18', NULL, 6, '2016-02-22 08:16:03', '2016-02-22 08:16:03'),
(199, 16, '2015-08-19 19:08:20', NULL, 2, '2016-02-22 08:16:03', '2016-02-22 08:16:03'),
(200, 7, '2015-03-30 09:55:19', NULL, 6, '2016-02-22 08:16:03', '2016-02-22 08:16:03');

-- --------------------------------------------------------

--
-- Estrutura da tabela `medicos`
--

CREATE TABLE `medicos` (
  `id` int(10) UNSIGNED NOT NULL,
  `nome` varchar(255) COLLATE utf8_unicode_ci NOT NULL,
  `telefone` varchar(255) COLLATE utf8_unicode_ci NOT NULL,
  `created_at` timestamp NULL DEFAULT NULL,
  `updated_at` timestamp NULL DEFAULT NULL
) ENGINE=InnoDB DEFAULT CHARSET=utf8 COLLATE=utf8_unicode_ci;

--
-- Extraindo dados da tabela `medicos`
--

INSERT INTO `medicos` (`id`, `nome`, `telefone`, `created_at`, `updated_at`) VALUES
(1, 'Luis Quigley', '(853) 383-1944', '2016-02-22 08:15:56', '2016-02-22 08:15:56'),
(2, 'Mr. Cleveland Nicolas MD', '1-706-416-9264', '2016-02-22 08:15:56', '2016-02-22 08:15:56'),
(3, 'Lonzo Runolfsdottir', '(368) 386-0347 x247', '2016-02-22 08:15:56', '2016-02-22 08:15:56'),
(4, 'Prof. Carter Collins', '515-275-4524 x745', '2016-02-22 08:15:56', '2016-02-22 08:15:56'),
(5, 'Geovany Ernser', '(636) 669-9601 x721', '2016-02-22 08:15:56', '2016-02-22 08:15:56'),
(6, 'America Sanford DDS', '+1-516-412-5286', '2016-02-22 08:15:56', '2016-02-22 08:15:56'),
(7, 'Merritt Ankunding', '1-394-768-5901 x234', '2016-02-22 08:15:56', '2016-02-22 08:15:56'),
(8, 'Betty Fisher III', '746-683-5439 x96230', '2016-02-22 08:15:56', '2016-02-22 08:15:56'),
(9, 'Loy O''Keefe', '757-549-8426', '2016-02-22 08:15:57', '2016-02-22 08:15:57'),
(10, 'Juvenal O''Conner', '678-252-5639 x26878', '2016-02-22 08:15:57', '2016-02-22 08:15:57');

-- --------------------------------------------------------

--
-- Estrutura da tabela `migrations`
--

CREATE TABLE `migrations` (
  `migration` varchar(255) COLLATE utf8_unicode_ci NOT NULL,
  `batch` int(11) NOT NULL
) ENGINE=InnoDB DEFAULT CHARSET=utf8 COLLATE=utf8_unicode_ci;

--
-- Extraindo dados da tabela `migrations`
--

INSERT INTO `migrations` (`migration`, `batch`) VALUES
('2014_10_12_000000_create_users_table', 1),
('2014_10_12_100000_create_password_resets_table', 1),
('2016_02_17_131158_create_pacientes_table', 1),
('2016_02_17_131240_create_medicos_table', 1),
('2016_02_18_163733_create_events_table', 1);

-- --------------------------------------------------------

--
-- Estrutura da tabela `pacientes`
--

CREATE TABLE `pacientes` (
  `id` int(10) UNSIGNED NOT NULL,
  `nome` varchar(255) COLLATE utf8_unicode_ci NOT NULL,
  `dtnascimento` date NOT NULL,
  `telefone` varchar(255) COLLATE utf8_unicode_ci NOT NULL,
  `created_at` timestamp NULL DEFAULT NULL,
  `updated_at` timestamp NULL DEFAULT NULL
) ENGINE=InnoDB DEFAULT CHARSET=utf8 COLLATE=utf8_unicode_ci;

--
-- Extraindo dados da tabela `pacientes`
--

INSERT INTO `pacientes` (`id`, `nome`, `dtnascimento`, `telefone`, `created_at`, `updated_at`) VALUES
(1, 'Margarett Kessler', '1982-04-06', '396.290.3332 x682', '2016-02-22 08:15:55', '2016-02-22 08:15:55'),
(2, 'Freida Runolfsdottir', '1996-08-13', '1-241-240-7104', '2016-02-22 08:15:55', '2016-02-22 08:15:55'),
(3, 'Kirstin Reilly', '1984-07-25', '804.677.7756 x033', '2016-02-22 08:15:55', '2016-02-22 08:15:55'),
(4, 'Grayce Bahringer', '1976-11-05', '+1 (851) 739-8572', '2016-02-22 08:15:55', '2016-02-22 08:15:55'),
(5, 'Edmund VonRueden', '2013-02-04', '339.850.6852', '2016-02-22 08:15:55', '2016-02-22 08:15:55'),
(6, 'Mr. Cruz Ullrich III', '2014-10-23', '880-363-0356 x2189', '2016-02-22 08:15:55', '2016-02-22 08:15:55'),
(7, 'Jermey Dietrich', '1974-08-12', '(428) 809-7397', '2016-02-22 08:15:55', '2016-02-22 08:15:55'),
(8, 'Jalon Armstrong', '1985-01-03', '1-679-451-5967', '2016-02-22 08:15:55', '2016-02-22 08:15:55'),
(9, 'Dr. Jedidiah Reichert Jr.', '2005-06-30', '+1 (502) 742-9818', '2016-02-22 08:15:55', '2016-02-22 08:15:55'),
(10, 'Tevin Herzog', '1985-07-03', '1-994-710-2103 x67024', '2016-02-22 08:15:55', '2016-02-22 08:15:55'),
(11, 'Mrs. Delfina Mann Sr.', '1988-04-01', '763.972.3985 x16809', '2016-02-22 08:15:56', '2016-02-22 08:15:56'),
(12, 'Sarah Adams IV', '2013-12-01', '(220) 352-2162', '2016-02-22 08:15:56', '2016-02-22 08:15:56'),
(13, 'Demarcus Funk', '2000-10-25', '(656) 788-7958', '2016-02-22 08:15:56', '2016-02-22 08:15:56'),
(14, 'Adolf Toy IV', '1987-07-07', '1-790-231-1305', '2016-02-22 08:15:56', '2016-02-22 08:15:56'),
(15, 'Kira Reinger', '2008-06-29', '(512) 886-4784 x8340', '2016-02-22 08:15:56', '2016-02-22 08:15:56'),
(16, 'Michel Heathcote', '2012-08-09', '(743) 658-0604', '2016-02-22 08:15:56', '2016-02-22 08:15:56'),
(17, 'Alexandrea Adams', '1991-12-08', '(437) 907-6900 x82099', '2016-02-22 08:15:56', '2016-02-22 08:15:56'),
(18, 'Henderson Satterfield', '2015-10-26', '(428) 235-7539 x017', '2016-02-22 08:15:56', '2016-02-22 08:15:56'),
(19, 'Mr. Vincent Waters', '1971-04-02', '575.748.8529 x3084', '2016-02-22 08:15:56', '2016-02-22 08:15:56'),
(20, 'Desiree Denesik', '2014-04-29', '1-237-585-4910 x8046', '2016-02-22 08:15:56', '2016-02-22 08:15:56'),
(21, 'Rolando Graham', '2006-07-29', '+17206509886', '2016-02-22 08:15:56', '2016-02-22 08:15:56'),
(22, 'Miss Palma Howe PhD', '2002-07-08', '1-843-214-0579 x01473', '2016-02-22 08:15:56', '2016-02-22 08:15:56'),
(23, 'Nigel Brakus', '2005-09-28', '243.700.6434 x04846', '2016-02-22 08:15:56', '2016-02-22 08:15:56'),
(24, 'Darwin Macejkovic DVM', '1978-08-12', '+17955884024', '2016-02-22 08:15:56', '2016-02-22 08:15:56'),
(25, 'Dr. Natasha Gulgowski IV', '1979-08-19', '(593) 505-5075', '2016-02-22 08:15:56', '2016-02-22 08:15:56'),
(26, 'Prof. Holden Hessel DDS', '2000-07-08', '747-895-0620', '2016-02-22 08:15:56', '2016-02-22 08:15:56'),
(27, 'Miss Mona Brown MD', '2004-08-05', '1-550-257-8503 x18100', '2016-02-22 08:15:56', '2016-02-22 08:15:56'),
(28, 'Ashton Schamberger II', '2004-11-06', '478-763-8718 x6856', '2016-02-22 08:15:56', '2016-02-22 08:15:56'),
(29, 'Margret Gaylord Jr.', '1977-04-01', '518.393.6803 x17670', '2016-02-22 08:15:56', '2016-02-22 08:15:56'),
(30, 'Raleigh Medhurst', '2002-05-17', '527-871-8725 x4734', '2016-02-22 08:15:56', '2016-02-22 08:15:56');

-- --------------------------------------------------------

--
-- Estrutura da tabela `password_resets`
--

CREATE TABLE `password_resets` (
  `email` varchar(255) COLLATE utf8_unicode_ci NOT NULL,
  `token` varchar(255) COLLATE utf8_unicode_ci NOT NULL,
  `created_at` timestamp NOT NULL DEFAULT CURRENT_TIMESTAMP ON UPDATE CURRENT_TIMESTAMP
) ENGINE=InnoDB DEFAULT CHARSET=utf8 COLLATE=utf8_unicode_ci;

-- --------------------------------------------------------

--
-- Estrutura da tabela `users`
--

CREATE TABLE `users` (
  `id` int(10) UNSIGNED NOT NULL,
  `name` varchar(255) COLLATE utf8_unicode_ci NOT NULL,
  `email` varchar(255) COLLATE utf8_unicode_ci NOT NULL,
  `password` varchar(60) COLLATE utf8_unicode_ci NOT NULL,
  `remember_token` varchar(100) COLLATE utf8_unicode_ci DEFAULT NULL,
  `created_at` timestamp NULL DEFAULT NULL,
  `updated_at` timestamp NULL DEFAULT NULL
) ENGINE=InnoDB DEFAULT CHARSET=utf8 COLLATE=utf8_unicode_ci;

--
-- Indexes for dumped tables
--

--
-- Indexes for table `events`
--
ALTER TABLE `events`
  ADD PRIMARY KEY (`id`),
  ADD KEY `events_paciente_id_foreign` (`paciente_id`),
  ADD KEY `events_medico_id_foreign` (`medico_id`);

--
-- Indexes for table `medicos`
--
ALTER TABLE `medicos`
  ADD PRIMARY KEY (`id`);

--
-- Indexes for table `pacientes`
--
ALTER TABLE `pacientes`
  ADD PRIMARY KEY (`id`);

--
-- Indexes for table `password_resets`
--
ALTER TABLE `password_resets`
  ADD KEY `password_resets_email_index` (`email`),
  ADD KEY `password_resets_token_index` (`token`);

--
-- Indexes for table `users`
--
ALTER TABLE `users`
  ADD PRIMARY KEY (`id`),
  ADD UNIQUE KEY `users_email_unique` (`email`);

--
-- AUTO_INCREMENT for dumped tables
--

--
-- AUTO_INCREMENT for table `events`
--
ALTER TABLE `events`
  MODIFY `id` int(10) UNSIGNED NOT NULL AUTO_INCREMENT, AUTO_INCREMENT=201;
--
-- AUTO_INCREMENT for table `medicos`
--
ALTER TABLE `medicos`
  MODIFY `id` int(10) UNSIGNED NOT NULL AUTO_INCREMENT, AUTO_INCREMENT=11;
--
-- AUTO_INCREMENT for table `pacientes`
--
ALTER TABLE `pacientes`
  MODIFY `id` int(10) UNSIGNED NOT NULL AUTO_INCREMENT, AUTO_INCREMENT=31;
--
-- AUTO_INCREMENT for table `users`
--
ALTER TABLE `users`
  MODIFY `id` int(10) UNSIGNED NOT NULL AUTO_INCREMENT;
--
-- Constraints for dumped tables
--

--
-- Limitadores para a tabela `events`
--
ALTER TABLE `events`
  ADD CONSTRAINT `events_medico_id_foreign` FOREIGN KEY (`medico_id`) REFERENCES `medicos` (`id`),
  ADD CONSTRAINT `events_paciente_id_foreign` FOREIGN KEY (`paciente_id`) REFERENCES `pacientes` (`id`);

/*!40101 SET CHARACTER_SET_CLIENT=@OLD_CHARACTER_SET_CLIENT */;
/*!40101 SET CHARACTER_SET_RESULTS=@OLD_CHARACTER_SET_RESULTS */;
/*!40101 SET COLLATION_CONNECTION=@OLD_COLLATION_CONNECTION */;
